"gene","UMAP1","UMAP2","module","kME","hub"
"PorA",4.03890098457454,1.40202902230349,"yellow",0.674836442513631,"other"
"PorA-1",0.108574373770941,6.19376610192386,"turquoise",0.109228372549602,"other"
"cfpA",-2.72643624420048,7.32856033715335,"turquoise",0.36073972687352,"other"
"VapC",3.2515605819714,1.75771068009463,"turquoise",0.0568658456355873,"other"
"Sbm",4.25128282432674,-1.80733563033017,"blue",0.159651111449507,"other"
"grdE-2",-4.27122245902897,7.3822774735364,"turquoise",0.091211945761786,"other"
"FimA",-10.4462884532917,-15.3667998465625,"brown",0.194438358330477,"other"
"DsbD",5.45626701240658,-4.68620111075315,"blue",0.287737102518243,"other"
"Smc",-4.76839958305241,5.5380735245618,"turquoise",0.298912422030846,"other"
"ZnuA",-4.21099029655339,2.52883766564456,"green",0.00730507477375763,"other"
"PepP",-9.27814231986881,-14.6055598410693,"brown",0.0121691526080631,"other"
"AlaS",5.26992954139827,-2.41740609732541,"blue",0.211735887080205,"other"
"PurB",5.24924625282406,-1.11663247671994,"blue",0.215615810427848,"other"
"AsnS",5.53579486732601,-0.862983480366794,"blue",0.194762147906684,"other"
"IlvB",-3.71088348502995,6.37820385369388,"turquoise",0.166036857782001,"other"
"RsmA",3.53342164878963,-5.09418965903195,"blue",0.150693995927988,"other"
"CysK",-1.81189571494938,6.08495233925906,"turquoise",0.0437780171385525,"other"
"PurF",5.00310720329403,-4.85877086249265,"blue",0.234240996943934,"other"
"Upp",4.33288086776851,-5.71762181845578,"blue",0.155285459562994,"other"
"TilS",3.35221017723202,-2.89939548102292,"blue",0.220823567801408,"other"
"ClcA",-3.01299463386418,4.94641970070926,"turquoise",0.0603686457991303,"other"
"Mdh",-8.98007045860173,-14.3960728797046,"brown",0.0361721127704004,"other"
"DusA",1.41564835434078,5.59989021691409,"turquoise",0.0562780354375333,"other"
"AllB",0.821546388913381,4.97163055810061,"turquoise",0.058257657267365,"other"
"PurL1",4.16909088020443,-3.6948218497363,"blue",0.216939557683912,"other"
"PurL2",4.27199472313045,-3.58653356161985,"blue",0.213023237882109,"other"
"TufA",6.97796167259334,-3.69462968436154,"blue",0.331946768956581,"other"
"RpsB",5.36871112709163,-4.87961246100339,"blue",0.540561192294509,"other"
"FieF",-3.63712011451603,4.7705831375989,"turquoise",0.0473386222793,"other"
"AtpA",-4.27415929908634,2.39869020852176,"turquoise",0.0881820739888126,"other"
"GapA",0.226685671259153,5.4946198311719,"turquoise",0.10060413424218,"other"
"IleS",4.54548467521786,-4.58658601370725,"blue",0.321718572189678,"other"
"Nnr1",5.34825147514461,-1.21760715571317,"blue",0.249995685830153,"other"
"Nnr2",5.2623072994244,-1.20122601118955,"blue",0.24997228166827,"other"
"PheT",4.49609054451107,-5.95900632468137,"blue",0.283032410144396,"other"
"EMAP",4.53457511787533,-4.52671290961179,"blue",0.297063360618553,"other"
"ArgF",-4.03887020225407,7.40438555153933,"turquoise",0.198324110667334,"other"
"HisC",4.20943988685726,-4.04908515540036,"blue",0.116687490115373,"other"
"RplK",6.97394956474422,-3.84736062613401,"blue",0.438135850347092,"other"
"RplA",5.31335128669857,-4.85126163092526,"blue",0.41732262338629,"other"
"RpoC",5.05722869758724,-0.578583017262545,"yellow",0.0833802971511213,"other"
"RplD",5.89184249763607,-3.82450629797849,"blue",0.417646439144666,"other"
"RplW",4.554491175462,-5.00783111182126,"blue",0.347910816182153,"other"
"RplB",5.59218038444637,-3.41450931158933,"blue",0.406886614532808,"other"
"RplV",5.62784923439144,-3.45575667944821,"blue",0.331590600414332,"other"
"RpsC",4.99695981865047,-6.16785050955686,"blue",0.698476099932983,"other"
"RplE",5.84396566276668,-3.11715151396665,"blue",0.341170624893259,"other"
"RpsH",5.03931201820492,-3.66112090674314,"blue",0.212727648164193,"other"
"RplF",4.51944221382259,-6.19236804572019,"blue",0.378334245008382,"other"
"RpsE",4.73682845955013,-0.201077178391543,"yellow",0.0642381760638202,"other"
"RpsM",4.03445757751583,-4.31067611304196,"blue",0.246374570563402,"other"
"RpsK",4.30459655647396,-5.7394938620654,"blue",0.31058769208504,"other"
"RplM",6.23971141700863,-3.91216613379392,"blue",0.36210508442474,"other"
"RpsI",4.87986768608211,-6.22382070151242,"blue",0.464285942302886,"other"
"WbbJ",0.292260868598211,5.7100534287366,"turquoise",0.113272503673679,"other"
"SerA",7.07105792884945,-3.69853545752439,"blue",0.331335411220205,"other"
"GlyA",4.60370172386287,-6.83325435248288,"blue",0.290220967340864,"other"
"IlvE",6.70078481559871,-3.95674945441159,"blue",0.327497828119082,"other"
"RlmL",3.66932953720211,-5.95622588721189,"blue",0.0580354923759212,"other"
"LeuA",-3.91669832343937,3.40071271332827,"turquoise",0.0755702022483932,"other"
"RdgB",4.78813852195858,-2.36285831061277,"blue",0.181358599661878,"other"
"PurH",4.3573349845898,-2.92714144316587,"blue",0.243744555691298,"other"
"RsmB",0.988578034688223,4.7472119179639,"blue",0.111146841126119,"other"
"Eno",4.09601200943111,-3.92643548575315,"blue",0.219462429615923,"other"
"PurM",3.69266737823604,-2.46550275412473,"blue",0.202111029007417,"other"
"GatA",-4.75045095558048,7.25614832314578,"turquoise",0.174482510565828,"other"
"BioF",5.60463298683285,-1.86488367644223,"blue",0.350028583037991,"other"
"TyrS",4.20124186401485,-4.5350637587634,"blue",0.16361975617082,"other"
"Pgi",1.24827475671886,4.2710246888074,"turquoise",0.0685371864008968,"other"
"AroE",-0.0733160244929907,5.55487297448245,"turquoise",0.0578824750544776,"other"
"SerS",4.90685380821346,-2.9015348109332,"blue",0.296780585200111,"other"
"AspS",3.99957789306759,-4.50655557242307,"blue",0.2806371167319,"other"
"GlnA",-0.0869260894763586,5.5228442994031,"turquoise",0.0605929019022458,"other"
"TalA",4.16290797119259,-3.67136718359861,"blue",0.144383034227543,"other"
"PaaJ",-3.26381479377629,6.01723574074832,"turquoise",0.168997490964924,"other"
"RpsO",4.69280876045345,-6.02310706702146,"blue",0.220260160775253,"other"
"RpsQ",4.7692161930096,-3.55163957205686,"blue",0.286625341445634,"other"
"GyrA",4.74762548332332,-2.26844932166013,"blue",0.26523457057909,"other"
"Fba",3.83004511718868,-6.66194440451535,"blue",0.538945148428187,"other"
"Gmk",4.64810718422054,-2.96308065977964,"blue",0.0721843928881653,"other"
"NusA",4.43109763984798,-2.94197990027341,"blue",0.303491729296544,"other"
"RibF",4.6079875362408,-4.9923768195239,"blue",0.114428171247835,"other"
"RplP",5.58481325035213,-1.88179852095517,"blue",0.237040989329075,"other"
"RplX",5.65194333915828,-1.79646350470456,"blue",0.252636680407888,"other"
"RpsN",5.15712274437069,-2.97346450415525,"blue",0.268615232180569,"other"
"RplO",5.82273830299495,-2.85898734656247,"blue",0.251369121248278,"other"
"SecY",5.71004213218807,-2.12264157858762,"blue",0.378149715092353,"other"
"RpoA",5.71787084465145,-3.17923165884885,"blue",0.352158656555541,"other"
"RplQ",4.36076201324581,-5.53200913992795,"blue",0.226852389442186,"other"
"ThyA",4.31169070129513,-3.11008621779355,"blue",0.0769208966570261,"other"
"UvrD",3.31938446884273,-2.72307302084836,"blue",0.221543009776131,"other"
"RpmA",5.67001022224544,-2.6560981425372,"blue",0.148149400476347,"other"
"CysS",4.36705030326961,-5.98090459433469,"blue",0.162167369836819,"other"
"PrfA",4.92554487114071,-0.599728599461642,"yellow",0.0639360587673036,"other"
"EngB",4.0315042865765,0.706968903270635,"yellow",0.0379196016435677,"other"
"RplL",4.36039389495968,-6.31043626395139,"blue",0.360038841327891,"other"
"Fmt",-4.33559833640934,4.15006040009585,"turquoise",0.1541995006126,"other"
"AtpG",-1.87209402198673,5.60570810708133,"turquoise",0.145334448206235,"other"
"RpsP",5.21739066963314,-4.99907733527097,"blue",0.349237383365201,"other"
"RpmH",4.10726679687618,0.560227855769071,"yellow",0.0580682223325991,"other"
"Frr",4.23004449730037,0.354593969610604,"yellow",0.02234266586564,"other"
"AcpP",3.84815563087581,-4.42227126685056,"blue",0.274369924235798,"other"
"RpsR",5.70505536918758,-3.21857382384214,"blue",0.293382316127476,"other"
"BisC",-4.73854385490299,6.42953823479739,"turquoise",0.137607334362607,"other"
"RplJ",6.84225620155452,-3.89090062704953,"blue",0.436851845722904,"other"
"GlpC",-3.3497532474506,7.04143522652713,"turquoise",0.169600634495633,"other"
"NusG",5.58927120094417,-1.39010609713468,"blue",0.238032499350631,"other"
"RpmE",4.50355447654842,-6.71042157736692,"blue",0.215592606850205,"other"
"RpmC",5.0903684032452,-3.78574325171384,"blue",0.278022702731966,"other"
"RplR",4.17468465690731,0.51327945264903,"yellow",0.100880041085379,"other"
"RpmJ",3.28429259185909,-5.53157140341672,"blue",0.254655628469542,"other"
"RplU",4.3809424770367,-5.65832425681027,"blue",0.256251524245947,"other"
"Tsf",4.67397369270443,-6.73540832129392,"blue",0.410062875464551,"other"
"RpmG",5.53825773124813,-1.28309060660276,"blue",0.16719575731279,"other"
"Dcm",-4.90952716941715,5.09728620919314,"turquoise",0.0960250909966522,"other"
"GlcD",-3.84353433723332,7.3736014214429,"turquoise",0.162860044641639,"other"
"SfcA",3.53094257240413,-6.2030496749011,"blue",0.282076578645993,"other"
"Cmk",3.74867094879268,-2.35938932028684,"blue",0.198246163237485,"other"
"HsdM",-2.53245197410465,5.04323910149661,"turquoise",0.123478298082578,"other"
"CynT",-4.36646257514836,2.14880107316104,"green",0.016532897955756,"other"
"RplT",5.40765203361629,-4.16913320151242,"blue",0.239624790575599,"other"
"GlgB",-4.32394062156559,4.32169555100528,"turquoise",0.0823749535183595,"other"
"YqjQ",-4.77794300193669,6.23603914651004,"turquoise",0.195961347129882,"other"
"FabB",7.10102809791683,-3.71632577505979,"blue",0.410636782661196,"other"
"IscA",3.49615730171322,-7.90883590308103,"blue",0.362808106962382,"other"
"MenE/FadK",-0.0134872364509222,5.79432342919436,"turquoise",0.304554664752746,"other"
"LipA",4.16098393325924,-6.26923896399411,"blue",0.107158399828675,"other"
"LipB",4.03926743393062,-7.49920560446652,"blue",0.429278995201325,"other"
"MutL",3.8894816768658,-2.07862283316526,"blue",0.17707819642066,"other"
"MiaA",3.7862388027203,-6.2625126990405,"blue",0.145606106470722,"other"
"HtpG",4.22298826103328,-1.33812381354245,"blue",0.154118681062191,"other"
"DapA",4.98538841133236,-1.22546161738309,"blue",0.129974047314974,"other"
"FabD",3.91147984390377,-4.27574397650632,"blue",0.193229582857172,"other"
"FabH",0.854418469716299,5.04171417626468,"turquoise",0.0996504531812242,"other"
"RpmF",4.80042756919979,-2.16289617148313,"blue",0.144129298867441,"other"
"GdhA",6.99778283958553,-3.830092922124,"blue",0.385673953593803,"other"
"RplS",4.04764427070736,-7.50188733664426,"blue",0.282592015298965,"other"
"Dcp",3.96541417961239,-6.22862769690427,"blue",0.295929630700172,"other"
"BirA2",1.98197556858181,5.44089554223147,"turquoise",0.0467006067249401,"other"
"SecF",5.00064815406917,-3.87143947211179,"blue",0.480590202774944,"other"
"SecD",4.89496196632503,-3.90653802481565,"blue",0.480817037580854,"other"
"AdaB",-4.42872987861515,1.95641957196322,"green",0.0574105906837164,"other"
"ThiD",4.95007146721004,-1.1091444644061,"blue",0.193683793925064,"other"
"ThiE",5.027156485368,-1.16716004935178,"blue",0.198580354542715,"other"
"RplI",5.71914876823543,-3.59765435782346,"blue",0.291164900728173,"other"
"RpsF",5.48100198631405,-2.66940452185544,"blue",0.300716723781821,"other"
"Zwf",0.752319289494741,4.8108720627698,"turquoise",0.121901825605644,"other"
"AmyA",2.07826722984432,5.46110485467044,"turquoise",0.121285026053913,"other"
"BtuE",1.0402631295216,4.90135191353885,"turquoise",0.00703634020394942,"other"
"DinP",-4.24474130744816,3.98371385010806,"turquoise",0.0133012697762369,"other"
"UgpE",-1.07387529487492,5.51805208596316,"turquoise",0.0754587461493056,"other"
"SufC",3.87123884086727,-7.61520625677976,"blue",0.280151771010586,"other"
"WecE",0.315879387904394,6.09327934655276,"turquoise",0.0904430172968352,"other"
"GcvT",4.19027127151607,-3.70407344427976,"blue",0.172108169913651,"other"
"PhoE",-9.35250125999333,-14.6474013480273,"brown",0.0514569709348127,"other"
"PlsX",-4.20342384452702,5.80545710000125,"turquoise",0.17636428113717,"other"
"SbcC",-2.1639884578693,4.96587894829837,"turquoise",0.186919222915442,"other"
"ThiC",3.4091190231335,-5.71503116217526,"blue",0.304180538437312,"other"
"GRS1",4.84492219810604,-2.33993174162778,"blue",0.174295602672689,"other"
"ACH1",5.42360366706966,-0.685432806881991,"blue",0.312601456763957,"other"
"AspB",-10.4566482173908,-15.3995328101245,"brown",0.074071467719265,"other"
"HybA",-3.12686072463871,4.70044659051028,"turquoise",0.198100927583943,"other"
"ThrS",4.06635559921383,-4.87050201025876,"blue",0.275950697829191,"other"
"ProS",4.16372956161617,0.448315810141238,"yellow",0.0343212589328726,"other"
"DnaK",3.23095597152828,-5.66855813589963,"blue",0.266348214271034,"other"
"DppD",-4.89760910148503,4.87430952462283,"turquoise",0.206234967348349,"other"
"GlmS",0.425581792492855,5.81374691399661,"turquoise",0.10247831008244,"other"
"AhpC",3.80480636482357,-4.32744218436154,"blue",0.313844833469964,"other"
"CarB",3.96753968124508,0.780285820094022,"yellow",0.137910334296302,"other"
"GroEL",-2.07422362441899,4.83091019066897,"turquoise",0.0370082261328682,"other"
"ThrA",-2.72482119674565,4.96277712258426,"turquoise",0.0611157138749991,"other"
"PrsA",3.88614167099117,-4.08626224127683,"blue",0.0726934537516166,"other"
"WcaA",-3.14726577873112,4.70480726632205,"turquoise",0.173186586701225,"other"
"SpoVK",4.48730720405697,-4.67194463339719,"blue",0.235982182990092,"other"
"HflB",0.971139861394155,5.00389049920169,"turquoise",0.0594344508405798,"other"
"Lon",5.64780916099666,-1.96444489088925,"blue",0.163881243229747,"other"
"RecA",0.207459224511373,5.09877060326663,"turquoise",0.00323009816351587,"other"
"PykF",3.52778447990536,1.27847300442782,"yellow",0.0152705643148667,"other"
"CitT",0.687494484831083,5.48000143441287,"turquoise",0.073540565577681,"other"
"Rfe",-4.25934969062687,2.516258224574,"turquoise",0.0715599768708104,"other"
"ProP",-1.77007614250065,5.75461862954226,"turquoise",0.171265023335765,"other"
"SdhB/FrdB",5.38362182502865,-2.15928031531247,"blue",0.132843942929865,"other"
"FusA",5.74672330742,-2.20015598860654,"blue",0.436056679742952,"other"
"LepA",3.60550011520504,-6.20156623450193,"blue",0.315938142890929,"other"
"GltD",4.28634585266231,-4.53270293799314,"blue",0.248636004604549,"other"
"MutT",-4.15316806907536,5.10678909691897,"turquoise",0.0914285111474233,"other"
"LeuS",5.4165140522015,-1.0067126902667,"blue",0.15960969728497,"other"
"SurE",4.74867452507137,-2.10069467154416,"blue",0.209022643599269,"other"
"Apt",-9.23714290733219,-14.6093335303393,"brown",0.0734473847498676,"other"
"PyrG",3.52632178192257,-5.46976853934201,"blue",0.294634974387382,"other"
"CarA",4.0725563896191,0.518493361500177,"yellow",0.1439211646968,"other"
"GuaB",1.43437857751964,3.8663205948743,"blue",0.154159999168749,"other"
"CBS",1.44827534084438,3.78937028321353,"turquoise",0.0564281468097973,"other"
"CsdA",4.08468212013363,-3.92255879965695,"blue",0.146453452557604,"other"
"RpsD",6.04500354652523,-3.08098460760984,"blue",0.312526754568155,"other"
"RbsK",-3.29042326087834,6.53680847558108,"turquoise",0.0865959492246139,"other"
"TrxA",5.4116517436993,-0.793138042363253,"blue",0.281190104717069,"other"
"PyrH",3.54738725547909,-6.52335025397214,"blue",0.133141967226885,"other"
"ECM27",3.82393635635494,-2.38734485236081,"blue",0.126871554987592,"other"
"PotE",-4.32458578224064,6.08175037774173,"turquoise",0.0834074706776083,"other"
"InfB",5.15056003456234,-1.16820205775174,"blue",0.457197737268928,"other"
"NorM",-5.06608615989567,7.57563208016482,"turquoise",0.317873700698282,"other"
"HinT",3.94951356773494,-7.60231162634763,"blue",0.202197203759626,"other"
"RpsA",4.92661918525814,-6.21451474753293,"blue",0.579580573187908,"other"
"Ffh",4.13260997657894,-2.42380715933713,"blue",0.193931475481807,"other"
"ClpA",-2.63318191642643,4.99197338494388,"turquoise",0.0819992619086044,"other"
"Mcr1",5.0255113971722,-2.77921630469236,"blue",0.282924853886747,"other"
"Tig",0.0354583693039301,5.5779905167493,"turquoise",0.264664551579089,"other"
"FkpA",7.10982049827694,-3.67341710654172,"blue",0.305170840680357,"other"
"Gph",-4.84278713340641,5.2848300782117,"turquoise",0.0769074354575396,"other"
"UvrB",2.10723246460079,5.45961521538821,"turquoise",0.0531277101936696,"other"
"Adk",5.04428686027645,-2.9885811957446,"blue",0.272879453992961,"other"
"RluA",4.19460882072567,-5.88714887228879,"blue",0.209538592319852,"other"
"PpsA",5.01705278282284,-1.06044270125302,"blue",0.3919474860435,"other"
"SalY",-3.73592077369572,4.29347489747134,"turquoise",0.106288396723986,"other"
"GlpA",-4.50117097968937,7.26778410348025,"turquoise",0.0598463794676197,"other"
"FimB",-3.08921156997563,7.23283813866702,"turquoise",0.126085686435009,"other"
"LysR",-1.94469152564884,6.02886389168826,"turquoise",0.139964081004125,"other"
"UgpQ",-2.80210076446415,6.45641802224246,"turquoise",0.0614481404650977,"other"
"DedA",4.70162929420589,-3.72307349768552,"blue",0.111307708232406,"other"
"GpmA",4.53432573204159,-6.86375190344724,"blue",0.304910727543749,"other"
"UspA",-9.61102234001042,-14.7851605567065,"brown",0.0553996660376005,"other"
"TauC",4.1223827732098,-5.8400068434802,"blue",0.10214945537114,"other"
"DppB",-1.47468231792332,6.06146858605472,"turquoise",0.203302604927054,"other"
"QueC",3.44052947883724,-6.56791879263791,"blue",0.159201383998622,"other"
"PqqL",6.39040912513851,-4.22490789023313,"blue",0.437169565124901,"other"
"TagD",-4.46311269874455,1.98191688927737,"green",0.0174771662402422,"other"
"NrnA",3.94980324630855,-4.44512321082028,"blue",0.126880401252918,"other"
"EcfT",-2.42441545600773,5.07621286782351,"turquoise",0.109980391137775,"other"
"MetE",-0.510737823199045,5.45989654931155,"turquoise",0.0730648986346684,"other"
"RuvA",3.59591807251095,1.29402856501666,"yellow",0.0239597815110873,"other"
"Fdx",-9.85641323203923,-14.9853348883716,"brown",0.0422591006355863,"other"
"HptA",4.91942895774959,-4.59000922766599,"blue",0.278377209699243,"other"
"HemN",-3.10745917434574,7.3801088181409,"turquoise",0.129243076648865,"other"
"AtpE",5.24787963752865,-3.38871265974912,"blue",0.332072789264846,"other"
"YcjU",-3.45177374954106,4.86506317528811,"turquoise",0.0896221771089963,"other"
"BaeS",-3.10785423393131,7.36015890511599,"turquoise",0.577798166460542,"other"
"CheA",-3.51506410713078,7.3461994973096,"turquoise",0.210401505262712,"other"
"FixC",-4.19303117866398,7.37156055840579,"turquoise",0.117617029219345,"other"
"PpiB",3.36927379493831,-2.80039311972531,"blue",0.116074186068126,"other"
"SecA",4.97577680473446,-0.738287583264438,"blue",0.236165034308851,"other"
"Aes",-4.86486898536564,5.08514784249392,"turquoise",0.121945357361741,"other"
"Crp",4.18158520584224,0.389994397488507,"yellow",0.0928166295347798,"other"
"DadA",-4.34300266380192,6.99683378609744,"turquoise",0.0461648369649045,"other"
"ANKYR",-3.27424203033329,6.11762283715335,"turquoise",0.0998307890173739,"other"
"InsQ",2.06949712162136,5.48927973183719,"turquoise",0.044397021515541,"other"
"YfdV",-1.20807145709873,5.78557489785281,"turquoise",0.0992532226497644,"other"
"LepB",0.643327770878065,4.98421715172854,"turquoise",0.113779287818262,"other"
"Lgt",5.18060172920345,-2.9069481047717,"blue",0.160345739172874,"other"
"LivK",0.773739678908575,5.75787161263553,"turquoise",0.153239170894797,"other"
"GrxC",-3.22889553184391,5.28353498849002,"turquoise",0.0714451516316363,"other"
"YidC",5.27782596473812,-2.35996152487668,"blue",0.24907346659723,"other"
"MurG",3.66687811737179,-5.68467332449826,"blue",0.100980489835915,"other"
"MoxR",4.9625722301495,-3.01212455359372,"blue",0.161389581730276,"other"
"TauA",-0.0496706234920141,6.32305048379031,"turquoise",0.120498288934832,"other"
"FldA",-8.75683342094303,-14.3496155890551,"brown",0.108303823963949,"other"
"SufB",5.60982765083431,-2.28775884238156,"blue",0.316080370985628,"other"
"MurJ",-2.69461499328495,7.22420881661502,"turquoise",0.0530366673081904,"other"
"HsdS",-3.58993612403752,4.12742565545169,"turquoise",0.132576460668711,"other"
"YocR",0.487680371974099,5.82981871041385,"turquoise",0.0759002085320452,"other"
"NlpD",-3.97542797202946,3.30232737931338,"turquoise",0.0693646817726929,"other"
"ClpP",4.00683153991817,-4.50006009665402,"blue",0.152861468289243,"other"
"Dxr",3.82167829399227,-5.81742669669065,"blue",0.180033401489951,"other"
"MrcB",3.42196358566402,-2.69822789755735,"blue",0.350741776047213,"other"
"OmpR",-0.0468079912173864,6.38649462136355,"turquoise",0.545267088494793,"other"
"DdpA",-2.54538665885807,7.12275360497561,"turquoise",0.293157810384144,"other"
"SurA",6.35359825019954,-4.21104384985837,"blue",0.381358616724233,"other"
"LpxB",4.26412452583431,-7.27659465399655,"blue",0.270235221018369,"other"
"FabA",4.53062547569393,-2.4984164389697,"blue",0.291521557418021,"other"
"HisM",-2.47874914283634,5.04250858697024,"turquoise",0.103815690167516,"other"
"FtsI",3.70079077606319,-5.57222987738523,"blue",0.225124798749081,"other"
"MurF",4.08278669242977,-1.67093850699338,"blue",0.2978929081212,"other"
"MurD",4.04099096183895,-4.10644151297483,"blue",0.195420309053057,"other"
"MurC",4.04505146865963,-4.53829719153318,"blue",0.16414526375674,"other"
"LpxC",4.64386047248958,-3.12335397330197,"blue",0.298290118306697,"other"
"HimA",4.81213058357357,-4.64795018759641,"blue",0.250376265875171,"other"
"CheY",-6.02578197593571,8.01576612862674,"turquoise",0.70049269996992,"other"
"GltS",-3.35362588043095,5.95642374428836,"turquoise",0.228274388382194,"other"
"Alr",4.46051348571895,-5.88561488715085,"blue",0.298950659082528,"other"
"SoxR",-3.51340137596012,6.1561097947034,"turquoise",0.17971727528598,"other"
"NlpC",1.3345187438023,4.40083168419925,"turquoise",0.200715184422073,"other"
"FolK",4.76743329887508,-3.53839637366208,"blue",0.119101556313435,"other"
"QueA",4.40920819168209,-5.57358600226316,"blue",0.163809653953632,"other"
"TonB",4.26184333686947,-1.28392113772306,"blue",0.359160968599503,"other"
"TolQ",6.84370960121273,-4.03303910818967,"blue",0.305644544553182,"other"
"MurB",4.01669086341976,-4.0474510344592,"blue",0.176453771679737,"other"
"RlmN",-1.53769289131047,6.02922771843997,"turquoise",0.0453759709651324,"other"
"TolB",3.38578642730831,-7.55372287360105,"blue",0.775863337645487,"other"
"RlhA",4.574604166795,-3.05612088766965,"blue",0.260473549217614,"other"
"YtxK",0.91319097404598,4.78623865517703,"turquoise",0.0953241775622627,"other"
"HisJ",-5.24887024040104,7.8218903389844,"turquoise",0.300603921983908,"other"
"CheW",-2.16972766990544,5.54776714715091,"turquoise",0.22963990201218,"other"
"Tar",-5.88418899650456,7.8625306931409,"turquoise",0.560354139041808,"other"
"PanD",4.96872152214168,-0.603351131352511,"yellow",0.0544990441044962,"other"
"PdxJ",3.71461213951229,1.23433975848285,"yellow",0,"other"
"Ppk",-8.66425644035221,-14.2137274893847,"brown",0.0354054743568241,"other"
"RbfA",-2.40267430419804,5.59742496880618,"turquoise",0.0395949532989145,"other"
"AmiC",0.275455696631658,5.10458610924807,"turquoise",0.271412089398088,"other"
"AdhE",6.77650607948421,-3.82278682318601,"blue",0.523789425486004,"other"
"PorG",3.9740079772961,1.4615160075101,"yellow",0.675557708281558,"other"
"Fpr",-9.84269271964909,-14.9616131934253,"brown",0.0448774682803871,"other"
"EntF",-3.3625866043079,6.15274809273807,"turquoise",0.391724739530513,"other"
"FAA1",5.36956466560482,-1.39195944395932,"blue",0.329341848275515,"other"
"CaiD",5.95022357826351,-3.1843831690875,"blue",0.549891901066294,"other"
"AspA",4.98057617073177,-0.574506894024936,"yellow",0.080511614179884,"other"
"FabG",1.9125758541119,5.50591753396121,"turquoise",0.216651327083284,"other"
"YgiQ",4.39805568580745,-4.61305619803342,"blue",0.209486309872809,"other"
"PatZN",-9.79403148765446,-14.9334263953296,"brown",0.0909019981073156,"other"
"LpxD",3.74857295875667,-2.41461326208982,"blue",0.257568355584998,"other"
"CysE",-4.76410852546574,4.82286070260135,"turquoise",0.0160438007244563,"other"
"SlpA",4.25923980598568,0.0400488224896517,"yellow",0.0436374430725042,"other"
"AcnA",-3.92204795951725,6.68687199029056,"turquoise",0.0637114136428728,"other"
"LdhA",4.43195594673275,-6.94974567023191,"blue",0.259968006711782,"other"
"SdhA",3.76429404144405,-2.58055569258603,"blue",0.328735760519876,"other"
"ThiH",4.2966193092358,-1.17658402052793,"blue",0.0843537510773264,"other"
"SSL2",-10.07509933586,-15.1194996985522,"brown",0.0591793188620612,"other"
"Tdh",3.10616601829647,1.85166345509616,"turquoise",0.0575369751620949,"other"
"AdhP",-5.56023775215031,7.66490314873782,"turquoise",0.124189090527774,"other"
"XylB",-4.98266969795109,5.66898582848636,"turquoise",0.0933911903495956,"other"
"EstA",3.8374022377026,-7.69677020636472,"blue",0.384165186749772,"other"
"FlaA1",3.79450858955501,-2.36608411398801,"blue",0.251582656524146,"other"
"Gmd",4.75713933830379,-2.27796293822202,"blue",0.214228369269454,"other"
"NifS",-2.91643129463078,6.4269838181409,"turquoise",0.128893543323877,"other"
"MPH1",-4.32365356559635,6.63310335549441,"turquoise",0.133307126998333,"other"
"AlsT",-4.23500858421208,7.57748077782718,"turquoise",0.188989184605207,"other"
"PstB",-5.60533224220158,7.69442795189944,"turquoise",0.305751137502391,"other"
"ZnuC",-4.74324213142277,6.04790256890384,"turquoise",0.085802045099017,"other"
"GsiA",-3.74820362205387,6.64046476754275,"turquoise",0.191905052789527,"other"
"MlaF",4.40381492500423,-3.33069135275754,"blue",0.0865822830572067,"other"
"MglA",-3.21870480651737,4.7307414856824,"turquoise",0.146306943012981,"other"
"MdlB",-4.93344436759831,5.10650680932132,"turquoise",0.153822552901988,"other"
"TagH",-2.63643418426396,5.0125264969739,"turquoise",0.0859517945791248,"other"
"AbcC",-4.3695777523029,4.14171741875735,"turquoise",0.0819400245928476,"other"
"PreA",3.62770499115108,1.76738022240725,"yellow",0.470577638793892,"other"
"HdrA",3.6390265357983,1.76551972302524,"yellow",0.551449511365426,"other"
"CdhA",3.55644859199642,1.75515876683322,"yellow",0.391466278509744,"other"
"NtpA",4.94935001258968,-6.33793021765622,"blue",0.491168999254945,"other"
"NtpB",5.48798812751888,-2.75084616270932,"blue",0.481136354515695,"other"
"Rho",3.74665249710201,-6.25362588492307,"blue",0.410974270003715,"other"
"Era",2.21610642795681,5.4283642617139,"blue",0.0596643027921578,"other"
"PepF",-3.74402509803654,4.02638719948855,"turquoise",0.146019018343056,"other"
"SpeA",-10.6068595516193,-15.5389552268115,"brown",0.336542936566444,"other"
"ARO8",-4.08181797141911,3.03063152703372,"turquoise",0.0253035482814509,"other"
"IlvA",1.31431133871197,4.38063167008487,"turquoise",0.0801694337849663,"other"
"DppC",1.28531075840114,4.36993621262637,"turquoise",0.114785629669814,"other"
"FbpB",-4.03482662315251,7.40213821801272,"turquoise",0.178058558445233,"other"
"DdlA",2.03627373104213,5.43651340874759,"turquoise",0.0383889351247011,"other"
"Pnp",4.87799466972469,-6.2271704825488,"blue",0.402274614395548,"other"
"PrfB",4.3123709095013,-4.59610606757077,"blue",0.238066212745957,"other"
"ParA",-2.08432971114994,4.79269407662478,"turquoise",0.0746289671373163,"other"
"MutY",-5.726993905257,7.97521303567019,"turquoise",0.0750360018767829,"other"
"PriA",3.41389740829586,-6.38665153113278,"blue",0.168013404779821,"other"
"DinG",-1.47954796428562,5.98764561089602,"turquoise",0.121368722252309,"other"
"Lhr",-9.21491657371403,-14.5757813605395,"brown",0.029515209355093,"other"
"KdsB",-8.87140976066471,-14.3170199545947,"brown",0.000420262971980618,"other"
"TsaB",5.5741855037701,-2.15500856963071,"blue",0.128916713305289,"other"
"BcsA",-2.32223592872502,5.37953709038821,"turquoise",0.119773597163443,"other"
"TypA",4.69437087898372,-3.25975157347592,"blue",0.179302915495218,"other"
"Bcp",5.06380189781307,-5.95987035361203,"blue",0.779106946589793,"other"
"HutI",5.68614686851619,-2.14347912398252,"blue",0.172045381804707,"other"
"CzcD",4.02244008903621,-2.56427265730771,"blue",0.129744405092771,"other"
"PhnP",4.74977268104671,-3.9372649344531,"blue",0.334452725950134,"other"
"ChlD",-4.79160820121647,4.7519235459241,"turquoise",0.172914699757916,"other"
"FadB",3.47349299316524,-6.20900966254148,"blue",0.222963481874905,"other"
"FlgK",1.19690801029323,5.09331797036258,"turquoise",0.144441319790945,"other"
"NtpI",5.58998788719295,-1.45041669932279,"blue",0.380577642353331,"other"
"AppC",5.2914968860638,-1.37426365939054,"blue",0.229282417119,"other"
"PepCK",-4.83203731651188,6.60264728936282,"turquoise",0.12958639466083,"other"
"NptA",4.48238910560726,-4.50027991858396,"blue",0.236621771654037,"other"
"YitT",4.53938497429012,-2.77515269843015,"blue",0.182807470212346,"other"
"YfcC",0.853392882395971,5.3622488823804,"turquoise",0.109206191037221,"other"
"BetT",-4.55806242103459,6.31452034386722,"turquoise",0.132767335964968,"other"
"AppB",4.32422436599849,-2.84032680121335,"blue",0.150804019530762,"other"
"AcrR",-5.36480508918644,7.85283039483157,"turquoise",0.147114835094802,"other"
"FliH",-2.6814821826923,7.23858164223758,"turquoise",0.130371677527073,"other"
"NrdD",-10.5258897411335,-15.4583354147998,"brown",0.125844859339657,"other"
"FlgL",-5.86480699653507,7.7751955834302,"turquoise",0.430004487534496,"other"
"CheR",0.913266582537878,5.24170540246097,"turquoise",0.26550546320771,"other"
"MotB",1.32814706688045,4.37350986870852,"turquoise",0.152430024568273,"other"
"ErfK",3.01755107765316,1.93032442006198,"turquoise",0.147314790407953,"other"
"RecO",4.28444446449398,-1.26670254794034,"blue",0.0532409659016365,"other"
"LysM",1.28089250450252,4.11265204819766,"turquoise",0.13689455307068,"other"
"NtpE",5.36990083580135,-1.50913740721616,"blue",0.306410003447245,"other"
"NtpD",5.39602388267635,-1.4040845784274,"blue",0.237980169270193,"other"
"HipB",-3.49823008651615,6.52311657342044,"turquoise",0.175638096736096,"other"
"AprE",-10.6642516719806,-15.5942874106494,"brown",0.705654882072374,"other"
"CpdA",-4.33358989829899,1.95216391953555,"green",0.0740120677790399,"other"
"Dck",3.44821871643184,-5.69517566290769,"blue",0.0680691231343798,"other"
"CobN",6.53308881645321,-3.42173172560605,"blue",0.377101067934517,"other"
"Tdk",-4.42913137550236,1.97577975663272,"green",0.0423861537955768,"other"
"NtpF",0.0879472625744226,5.97643898400393,"turquoise",0.143848684370629,"other"
"COG1449",-9.09416042442204,-14.5472998770801,"brown",0.0449062572524112,"other"
"PulD",-1.68657098884464,5.93894527825442,"turquoise",0.15123892875396,"other"
"EutG",6.82593168144344,-3.78354169455442,"blue",0.550796984282796,"other"
"MlaD",4.01908744697689,-3.99373199072751,"blue",0.0973824292792275,"other"
"AbgB",-5.63671098823429,7.94508169564334,"turquoise",0.153919467879885,"other"
"XRE",2.98008812790035,1.97267042073337,"turquoise",0.146939972589813,"other"
"ApbE",1.96751333599209,5.50776098641482,"turquoise",0.0236048548758909,"other"
"PncB",3.87827123527645,-4.66861631003293,"blue",0.153916297007723,"other"
"CobQ",3.40493072395443,-7.10417939749631,"blue",0.231688394784057,"other"
"YicI",-0.139274345587504,5.61528442772952,"turquoise",0.132805329496557,"other"
"Cls",-3.64807020301701,4.5526876297864,"turquoise",0.101119830490245,"other"
"DAP2",7.06461633567928,-3.46308781233701,"blue",0.19938971287927,"other"
"RpoN",3.43476308708309,-6.74815131750974,"blue",0.101285741017013,"other"
"EpmB",-9.14381347770573,-14.440426364812,"brown",0.0490600244411339,"other"
"GbsR",6.86989654426693,-3.92512466040525,"blue",0.341402272858151,"other"
"PulA",-2.03535114402653,6.21852968606082,"turquoise",0.162704275024291,"other"
"CoxL",2.93762029533504,2.01892422112552,"turquoise",0.0103863975212996,"other"
"CafA",4.55106080894588,-6.89143754568967,"blue",0.419312011871868,"other"
"TolC",-8.93341957206608,-14.3799281272021,"brown",0.0542459229470796,"other"
"RaiA",-8.28073345298649,-14.0354495200244,"brown",0.0298746266049162,"other"
"PncC",-2.62767349357487,7.13158176812259,"turquoise",0.128819538376591,"other"
"ATH1",-3.58074890251042,6.12290571602908,"turquoise",0.060606741602449,"other"
"ComEA",-8.54265152091862,-14.1348033103076,"brown",0.0892007954428023,"other"
"RpoE",4.17353214149593,-4.49121858206662,"blue",0.221124199504428,"other"
"PheA",4.53835357551693,-0.964935556325045,"blue",0.110859586886222,"other"
"PurR",-3.755642758559,6.68193148049441,"turquoise",0.173428212541881,"other"
"SacC",-3.40676628227116,7.40382383736697,"turquoise",0.152637112005055,"other"
"DctP",0.600142179180372,5.61042450341311,"turquoise",0.169499007229854,"other"
"XkdP",0.126566244412649,5.54844520958987,"turquoise",0.186661930624353,"other"
"UgpB",-4.0231479274738,7.49796961220828,"turquoise",0.305445248508719,"other"
"RimL",-8.80673919792057,-14.3466315421191,"brown",0.0659396408221491,"other"
"DacC",-1.56401620979191,6.06880043419925,"turquoise",0.0440356878687501,"other"
"DltB",4.28746045951961,0.261460229483518,"yellow",0.0373266643825128,"other"
"ArgK",3.51682437782406,-6.6218180808154,"blue",0.107841879210959,"other"
"FlgJ",1.30580003385662,4.350397810069,"turquoise",0.0827660113792421,"other"
"YckC",3.34316219215511,-6.74630881873044,"blue",0.203485759963016,"other"
"FHA",-6.68443857307316,8.35843656930057,"turquoise",0.465149095439498,"other"
"YeaD2",3.36416877632259,-2.9921326788989,"blue",0.151269940832873,"other"
"RpiR",4.78916944389461,-2.41088606444272,"blue",0.128381330291674,"other"
"Med",-5.34427486534001,7.49657915505496,"turquoise",0.21541742103831,"other"
"COG1747",-3.84698997611881,4.84178064736453,"turquoise",0.0833807385891024,"other"
"FlgE",-3.6261261569965,6.6077380028638,"turquoise",0.201042339255678,"other"
"RssA",-9.08226238365055,-14.5558447989551,"brown",0.0392571981478824,"other"
"NhaC",-2.3684209453571,5.42769668969241,"turquoise",0.059608655170232,"other"
"RpoZ",3.23107446556209,-5.76950646963986,"blue",0.103139234036928,"other"
"YaaT",3.81277288322567,-2.2460217627612,"blue",0.122398923175536,"other"
"HgdB",-5.31261335487248,7.48286293419925,"turquoise",0.220489300284407,"other"
"XtmB",-10.3782905208576,-15.3286185416308,"brown",0.0455320173904845,"other"
"MgsA",4.14859880333065,0.434749263999137,"yellow",0.13177561709979,"other"
"RplY",4.67125333671688,-6.51299764243039,"blue",0.374087149417341,"other"
"OafA",-2.87299142951847,5.57138203057376,"turquoise",0.11594990082873,"other"
"AfuA",0.980000449467886,5.34419916543094,"turquoise",0.146499581418427,"other"
"RpmD",3.45335878257869,-7.74021960822019,"blue",0.203344296673213,"other"
"MarR",1.76446665649532,5.35578201684085,"turquoise",0.0233212835563828,"other"
"RutF",-4.20762811775089,5.71181677254764,"turquoise",0.230956313677381,"other"
"GanA",0.29188465898155,5.83224771889773,"turquoise",0.126136229886366,"other"
"LdcB",-2.36880050773503,5.33688877495852,"turquoise",0.139759662428162,"other"
"RbsB",-5.23741279716374,7.44443796547976,"turquoise",0.286038975169198,"other"
"PflD",-5.16082655067326,7.5777120438489,"turquoise",0.223467913354267,"other"
"CbiD",4.03300584678768,-5.47778178778562,"blue",0.0184613339860733,"other"
"MntH",-8.75852810020329,-14.2747941168872,"brown",0.0907981782062651,"other"
"YjiL",-4.62717138404728,5.40759466561404,"turquoise",0.122501791274326,"other"
"SerC",6.74533189659237,-3.97265626517209,"blue",0.466885866321696,"other"
"NagC",3.37092102890133,-7.50099660483274,"blue",0.284660227462938,"other"
"IspE",5.01391376381038,-2.72901441183957,"blue",0.0680276251307565,"other"
"CaiA",5.23771919136165,-5.10638238516721,"blue",0.44460230868405,"other"
"SpoIVCA",-3.9812811481464,3.82857201966372,"turquoise",0.086480940377977,"other"
"CstA",-1.37521945114018,5.76491688164798,"turquoise",0.115397719703579,"other"
"PspC",-3.05436001891972,4.76082561883059,"turquoise",0.0148045357553298,"other"
"PdxA",3.76548398857235,-5.60309077826413,"blue",0.112457367999301,"other"
"RadC",-3.81874881858708,5.64991663369265,"turquoise",0.0931024209929665,"other"
"CccA",-4.59092603797795,5.07164858254519,"turquoise",0.0985388337973416,"other"
"STE14",-4.38608537788273,1.8272032586011,"green",0,"other"
"FixB",5.61807645683407,-2.18026067343625,"blue",0.552560769893537,"other"
"DacB",3.38652027969478,-3.03293181982907,"blue",0,"other"
"MaoC",-4.59881197090031,5.36730907830325,"turquoise",0.0282064406213309,"other"
"MsrP",3.35500587349056,-7.17731048193845,"blue",0.612925398337679,"other"
"FadL",5.27413524513363,-2.93374301520261,"blue",0.149072759993053,"other"
"Tpx",5.07667411689876,-3.79625274268064,"blue",0.125657197293512,"other"
"FixA",6.7589155567181,-3.91596366492185,"blue",0.445337263477075,"other"
"MarC",-4.46738134498478,2.03760419758883,"green",0.00516680622249665,"other"
"CobK",4.14606083755611,-5.57366277304563,"blue",0.0217830635123027,"other"
"AcyC",-4.47622095222355,4.21500705155459,"turquoise",0.278618705586695,"other"
"SufI",4.08722294693111,-7.17734195319089,"blue",0.132816820520178,"other"
"YliI",-9.69902168388249,-14.8541274222461,"brown",0.0667960592657705,"other"
"SirB",3.58022869949459,-6.56290771094235,"blue",0.627545508494129,"other"
"SsuD",2.07185233955501,5.42818544777957,"turquoise",0.185664518655808,"other"
"SoxW",6.98923124199032,-3.43432356444272,"blue",0.211154186637334,"other"
"PolC",-2.77184353942753,7.28769491585818,"turquoise",0.134077577437873,"other"
"MalE",-3.33706580276371,7.29710291298953,"turquoise",0.224496077859767,"other"
"Tex",-0.00956945295215816,5.87662599953738,"turquoise",0.133860086043765,"other"
"MngR",-5.72402225608708,7.7512435761365,"turquoise",0.173325496473343,"other"
"Mod",3.20807923202633,-5.63924314108762,"blue",0.15402839493982,"other"
"HPtr",-6.66419826621891,8.28225181969729,"turquoise",0.396524573272216,"other"
"GGDEF",-6.67715822334172,8.22649191292849,"turquoise",0.57306032402975,"other"
"AtoC",-5.62845979804875,7.91159294518557,"turquoise",0.53065109515398,"other"
"KdpD",-3.07391821021916,7.32144306573001,"turquoise",0.486711138434241,"other"
"HDGYP",-6.2634438144672,7.99108789834109,"turquoise",0.34370701502435,"other"
"AraC",1.98769391899227,5.44545696648684,"turquoise",0.22266373212061,"other"
"RsbU",-6.443715439986,8.09982822808352,"turquoise",0.319004043356512,"other"
"NqrE",3.93664850120662,-6.37887622443112,"blue",0.164590209414473,"other"
"MelB",-3.90312515373112,4.14452503594485,"turquoise",0.0843996435457455,"other"
"ZntA",-2.64251409644963,6.71318529519168,"turquoise",0.053765772362719,"other"
"DsrA",3.65248216514705,1.70637379559604,"yellow",0.60352214704583,"other"
"NarK",1.22410572891353,4.34987209710208,"turquoise",0.0729898446781281,"other"
"UbiE",-4.39450203056217,4.24536655816165,"turquoise",0.159738353733047,"other"
"UbiG",-2.51887093658329,5.55338333520022,"turquoise",0.131394618289632,"other"
"Iap",1.36772228603481,4.4192283001813,"turquoise",0.0404477736800819,"other"
"ArcA",-4.47940860862614,7.35973022851077,"turquoise",0.175974380051943,"other"
"CobF",3.6327427757275,-7.80166293707761,"blue",0.464816379250839,"other"
"LytB",0.197663737584341,5.93940208825198,"turquoise",0.359933092140358,"other"
"DoxX",-8.28666149253727,-13.9956736716357,"brown",0.0305221671426961,"other"
"TrmA",4.16186417465328,-1.81519319144162,"blue",0.164666123127194,"other"
"YqiK",-4.53130565757633,6.48081205758182,"turquoise",0.123649525377961,"other"
"BtlA",-4.18080459709049,2.5925726738843,"turquoise",0.109904283443,"other"
"UhpC",-0.439539538573038,5.37532709511844,"turquoise",0.121343153172372,"other"
"BglS",-1.27458380336643,5.92604206475345,"turquoise",0.129518301275442,"other"
"SunT",-8.97095619315983,-14.4696316870776,"brown",0,"other"
"TM2",3.43777002220272,-7.8043942603198,"blue",0.415621489112871,"other"
"MmcQ",-3.5500706302631,6.02539394768802,"turquoise",0.0323097630102105,"other"
"YkwD",2.82893360977291,2.15105985077945,"turquoise",0.265416828409823,"other"
"EndA",3.92304958229183,-7.43497277823361,"blue",0.832142616446233,"other"
"Imp",0.0697184336674097,5.06500481041995,"turquoise",0.202819469074759,"other"
"YoaI",6.82706989174007,-3.89936114874753,"blue",0.439794230716138,"other"
"COG2369",3.10508693580745,1.81671200665561,"turquoise",0.090975826559187,"other"
"YfaS",-8.88438259239079,-14.4365143927661,"brown",0.00574465493044576,"other"
"COG2374",2.1638330352795,5.44008110436526,"turquoise",0.117087799287035,"other"
"ViaA",-4.04782234306217,3.15626047524539,"turquoise",0.0660310249266176,"other"
"COG2524",-2.31460510368229,5.46867607506839,"turquoise",0.0989050848310815,"other"
"EbsC",-3.29611025924565,4.69946335229007,"turquoise",0.12021989137031,"other"
"CopZ",0.887309773017156,4.87914513024417,"turquoise",0.0244032753949644,"other"
"DcuA",-0.369626508902323,5.92175768288699,"turquoise",0.0963844986824321,"other"
"TesA",-4.15201221580387,7.58309696587649,"turquoise",0.549374255375919,"other"
"MIS1",4.97256435279964,-1.00878383246335,"blue",0.157897725624541,"other"
"COG2768",3.63629831199764,1.33775918158618,"yellow",0.441992787427699,"other"
"HAMP",-6.64360414619328,8.23640488061038,"turquoise",0.467185145619289,"other"
"CsgD",3.27626789932369,-6.98010541525754,"blue",0.443892633101134,"other"
"PulE",-2.86950908775212,6.51247213753787,"turquoise",0.0911696182103566,"other"
"CynX",-0.789043890188944,5.46381328972903,"turquoise",0.0306105484663506,"other"
"NtpH",5.32412113075374,-1.29733683195981,"blue",0.318544600638748,"other"
"DnaX",1.47822023754238,5.57355450066653,"turquoise",0.0535757683591893,"other"
"AraJ",-3.48744164581181,5.6205930558118,"turquoise",0.204622538013825,"other"
"PASTA",4.79208053474544,-1.20934893217954,"blue",0.225070142680418,"other"
"Tra8",-5.56407533759953,7.74491260918704,"turquoise",0.366318628487211,"other"
"CapA",-4.50698028678776,6.62284181984988,"turquoise",0.0657420864622124,"other"
"COG2848",3.35101856117367,-6.58185865012082,"blue",0.0825276179533339,"other"
"SIMPL",4.42182148819088,-2.94708849516782,"blue",0.124781879897356,"other"
"COG2865",-4.70523010368229,4.85639809044925,"turquoise",0.074121999758101,"other"
"RfaE",-4.42637859458805,1.95800600918857,"green",0.00431137461650941,"other"
"AroGA",4.5727993381512,-0.883685604008761,"blue",0.115371929679981,"other"
"RnfB",3.65604270820736,1.71105752858249,"yellow",0.575212822649893,"other"
"COG2905",-4.87808023567082,6.05498169335452,"turquoise",0.209078977093684,"other"
"MalT",-2.89210973853947,6.70104025277224,"turquoise",0.0576537349870778,"other"
"COG2931",-3.02754174346806,7.29831837090579,"turquoise",0.319520124020549,"other"
"YiaG",-5.68522392387272,7.9857258644971,"turquoise",0.101247535493419,"other"
"YjjP",3.41713084106563,-7.83752109137448,"blue",0.314648773171042,"other"
"AbgT",-3.30130087013127,4.61416290673343,"turquoise",0.135269463357561,"other"
"HutH",5.21391214256405,-4.29366494742307,"blue",0.358643108926411,"other"
"HutU",5.21660436515926,-4.85567189780149,"blue",0.346498686149726,"other"
"YafD",4.11824311142086,-2.66128422346982,"blue",0.20189688109952,"other"
"PPPi",3.69640601997494,1.36761604222384,"yellow",0.0129366112535461,"other"
"IS5",-3.85025058860661,4.502173408595,"turquoise",0,"other"
"OmpW",-10.6281369792926,-15.5602011832324,"brown",0.194059050524298,"other"
"NanM",-5.35591064567448,7.60685251626101,"turquoise",0.230642488687043,"other"
"TolA",3.81390465622066,-5.50980044928464,"blue",0.521326695945977,"other"
"VapI",-0.244501517962229,5.72577808770266,"turquoise",0.0933213114012391,"other"
"PTR2",7.03098548774837,-3.41064478484067,"blue",0.17898679311825,"other"
"ZipA",5.20509637718319,-1.15818871584806,"blue",0.460826952979903,"other"
"AslA",-4.3245371448505,1.76828967007724,"green",0.881927114202784,"other"
"YbbP",-3.92218481178166,3.92636011513797,"turquoise",0.057859812756078,"other"
"CutC",4.30327309494137,-1.35624887076291,"blue",0.153323094589599,"other"
"yhaH",2.30464042549251,5.38498400124637,"blue",0.120766387669247,"other"
"FimV",-4.79998861427189,5.19498299035159,"turquoise",0.270925151874436,"other"
"COG3177",-2.7011526691425,5.6535520401868,"turquoise",0.106123391538734,"other"
"GH19",-4.28347526664616,7.44041822823611,"turquoise",0.0971743536566669,"other"
"TctC",-4.46981989021183,6.19589041146365,"turquoise",0.104755787386968,"other"
"PiuB",-8.31682335014225,-14.0225396308032,"turquoise",0.0492427228954663,"other"
"PnuC",-4.46384512061955,2.12706468972293,"blue",0.0161648464122377,"other"
"OmpC",-2.52363167877079,6.94850061806765,"turquoise",0.0933936177957551,"other"
"GrsT",-3.45901023025395,5.95790718468753,"turquoise",0.186986118889219,"other"
"RhsA",-3.95234047050358,3.63091658028689,"turquoise",0.112650645006141,"other"
"FhaB",-3.55781780357243,6.41634128960696,"turquoise",0.352193636735675,"other"
"PhnD",-4.76158367271305,5.31782148751346,"turquoise",0.163307876382265,"other"
"LacZ",-1.92963300819279,6.00550363930789,"turquoise",0.166699368430791,"other"
"Ncl1",1.21044178133129,4.26962588700381,"blue",0.0887571468717969,"other"
"LytS",-5.76876579398991,7.84405277642337,"turquoise",0.231299963424062,"other"
"LytT",4.11950887565731,-5.15548802939328,"blue",0.569067563079321,"other"
"COG3291",-8.94387565727116,-14.3199515494433,"brown",0.754117733433533,"other"
"COG3292",0.857422245789755,5.41677282723514,"turquoise",0.295159529397859,"other"
"COG3293",-3.46463547820927,4.75319860848514,"turquoise",0.0567203731772481,"other"
"MHYT",-6.89170585746647,8.4483666268262,"turquoise",0.390767090727748,"other"
"NrfA",-8.21750770683171,-13.9338088187304,"turquoise",0.0340397124665184,"other"
"YecA",5.62154973869442,-1.46425034132871,"blue",0.265923274399439,"other"
"EntF2",-1.44672356719853,5.98139189156619,"turquoise",0.361248508857936,"other"
"Lys2b",-0.669424282263529,5.47897003563968,"turquoise",0.153329922671255,"other"
"PksD",-3.39185773010136,6.44174097451297,"turquoise",0.361567559262445,"other"
"IS285",-4.79707037086369,4.7395157662305,"turquoise",0.0188907188077781,"other"
"InsG",-3.7626327144611,4.83732412728396,"turquoise",0.0818843584747834,"other"
"YvrE",-4.46038614387394,7.24646852883426,"turquoise",0.201257476817132,"other"
"YncE",-4.28222404594303,1.7565554228696,"green",0.943670481398374,"other"
"FtcD",4.25213874702572,-6.23851110068235,"blue",0.276196812485931,"other"
"PGRP",0.0867652428638819,5.5001826134595,"turquoise",0.233340939653401,"other"
"PilY1",-2.30584655876042,5.85937975319949,"turquoise",0.0304617340153459,"other"
"AcpA",-3.33544217224003,6.2325930443677,"turquoise",0.327823259138873,"other"
"RpfG",-6.76122127647282,8.33295677575198,"turquoise",0.383537534451442,"other"
"MASE1",-6.94333158607365,8.49930332573977,"turquoise",0.307372977878642,"other"
"COG3448",-2.82902108306767,7.15470789345828,"turquoise",0.131233213409235,"other"
"COG3464",-4.34118829841496,7.48893545540896,"turquoise",0.218107280371369,"other"
"Tpd",-5.3735946285236,7.64386270913211,"turquoise",0.314605099986471,"other"
"VgrG",-4.0175326930988,3.22814582261172,"green",0.0366910135607827,"other"
"VirD4",-4.66828333015324,6.59250782403079,"turquoise",0.157510481122121,"other"
"Ree1",-4.33524833793522,6.01461742791263,"turquoise",0.147648305720938,"other"
"XynB2",-3.72075878257633,4.07488487633792,"turquoise",0.146926164102433,"other"
"Cas9",-3.84507404441715,4.04457829865542,"turquoise",0.0316991335818913,"other"
"Chb",-5.3843163120258,7.49367330941287,"turquoise",0.526649065178645,"other"
"COG3537",-9.66714416618229,-14.8237738761035,"brown",0.0157784121630706,"other"
"PhoD",-4.36856447334172,1.88944695862857,"green",0.0990223208940942,"other"
"ElsH",3.33129347686886,-2.99788071242246,"blue",0.586279832849366,"other"
"YabE",-4.71301447028996,7.33958004387942,"turquoise",0.296149065536554,"other"
"COG3584",-2.05722914810063,5.64941547783938,"turquoise",0.222321089058103,"other"
"Fba1",-8.31131683463932,-14.0156798514453,"brown",0.0822004620016645,"other"
"PepO",6.58556856041073,-3.93361379233274,"blue",0.286203554339657,"other"
"YbjD",0.206142706919897,6.10784910592166,"turquoise",0.130332561838127,"other"
"FhlA",-0.357303844641459,5.60957621010867,"turquoise",0.149702872472989,"other"
"YjjB",3.49779619102596,-7.90837718573484,"blue",0.322868983366173,"other"
"CHASE1",-6.90442882652165,8.46295927437869,"turquoise",0.381743530809537,"other"
"AF2118",-2.56562577361943,5.24463985833255,"turquoise",0.139808253683032,"other"
"GluFT",4.95502914314388,-5.15756465521726,"blue",0.379164962939122,"other"
"OprB",-3.1130589115131,5.31928728493777,"turquoise",0.208019787149216,"other"
"Mug",-4.46594844932438,2.01776145371524,"green",0.0571199750113625,"other"
"COG3666",-4.80943761939884,4.98453186425296,"turquoise",0.0691721618270804,"other"
"CdsB",5.10677541618465,-4.69067670432004,"blue",0.196130063040648,"other"
"XynA",-4.76273141975285,4.61059187325564,"turquoise",0.162955686627811,"other"
"CusA",-10.4457639324176,-15.384632602605,"brown",0.0813808678478004,"other"
"TraB",-8.28861747856022,-13.9981379660693,"brown",0.0278454325661155,"other"
"H3TH",4.06725610618709,-7.48959256735715,"blue",0.273717179686003,"other"
"RgpF",-3.55230032081486,4.78911302956668,"turquoise",0.0515754401869161,"other"
"Acm",0.105838431168783,5.55362366112796,"turquoise",0.129858682396299,"other"
"RrrD",3.71081270103573,-7.58681823340329,"blue",0.615483571062945,"other"
"PetE",-0.120301293085825,5.55056427392093,"turquoise",0.0313580132787244,"other"
"OVP1",-2.93607603187443,7.36661528023807,"turquoise",0.201384358371007,"other"
"COG3828",-3.65397678489567,4.62887857827273,"turquoise",0.146305771826518,"other"
"RocR",-0.0754157769191381,6.14959333809939,"turquoise",0.178571969837739,"other"
"MalK",-5.09137760276676,7.58005093010989,"turquoise",0.219925045545463,"other"
"PotA",0.936678959180105,4.94925688180057,"turquoise",0.0910575413633953,"other"
"NarQ",-6.85986171836735,8.42180727395144,"turquoise",0.684267862395678,"other"
"NtrB",-5.09244667167546,7.03776119622317,"turquoise",0.26943025806171,"other"
"Fbp2",5.10529912834286,-5.01934243765744,"blue",0.278699478932128,"other"
"SleL",2.15581668739437,5.4304542389783,"turquoise",0.142100164771391,"other"
"PelB",-3.00960909004093,6.36714123162356,"turquoise",0.103774503157911,"other"
"CwlO1",4.22021783714412,0.204927637902173,"blue",0.109271309757216,"other"
"COG3899",-5.99365316505314,7.85108946236697,"turquoise",0.278771322203929,"other"
"COG3921",3.54959763412594,-7.49908687201413,"blue",0.64697505782428,"other"
"ZliS",-8.24987255210758,-13.9583220633593,"green",0.0356876461880606,"other"
"COG3942",2.00394202594875,5.40562914284793,"turquoise",0.115620259040505,"other"
"SLT",-2.26378999824406,4.89217136773196,"turquoise",0.0803105080061852,"other"
"YabN",4.64773525123714,-2.22514702406797,"blue",0.214179903082085,"other"
"COG3976",3.43641270523189,-7.43284370032224,"blue",0.702701676187742,"other"
"COG3979",-4.27161441917301,1.99547587308017,"green",0.807425339366883,"other"
"PAAR",0.49486949493407,5.47765730294314,"turquoise",0.103967976072546,"other"
"Tam",-4.32428251380802,6.59119699868289,"turquoise",0.117104545235799,"other"
"PrfC",4.17671097641109,-5.82779265967282,"blue",0.235937011903274,"other"
"TrmN6",3.80005253677486,1.0345807519826,"yellow",0.0353974487039475,"other"
"OppA",-1.34725187892796,5.73726461800662,"turquoise",0.171545472166438,"other"
"COG4191",-6.18118606681706,7.90389011773196,"turquoise",0.413668070727916,"other"
"COG4198",7.05185569648861,-3.44565655318174,"blue",0.243117084923256,"other"
"MecR1",5.95301689033626,-2.68303324309262,"blue",0.192359750475795,"other"
"YdfG",-3.72450386161686,4.04456685456363,"turquoise",0.181627852129909,"other"
"IorA",3.55412210350155,1.30706588896838,"yellow",0.39864541578218,"other"
"TerY",-3.85011135215641,3.93160818490115,"turquoise",0.14152943778796,"other"
"COG4249",3.39169634704708,-7.77169562903318,"blue",0.485736430313616,"other"
"CHASE2",-6.86524473304631,8.49035023125735,"turquoise",0.430324962074047,"other"
"COG4254",4.34434164886593,-0.721107140454379,"blue",0.292020557634936,"other"
"Vgb",-1.51485715980412,6.00277756127444,"turquoise",0.178613745891172,"other"
"COG4290",-4.05916534538151,3.18810556801883,"turquoise",0.0136696732412457,"other"
"COG4372",-8.84330593223454,-14.2972407492724,"brown",0.0597900023665045,"other"
"COG4373",1.04172123794674,5.46585939797488,"turquoise",0.120136282474586,"other"
"COG4388",6.90020192985653,-3.75776435461911,"blue",0.399000885825195,"other"
"COG4412",-10.6226304637897,-15.5568900260058,"brown",0.759054138400259,"other"
"COG4447",-4.11334787483097,4.25331686410037,"turquoise",0.130053752621337,"other"
"COG4487",-8.48769127006413,-14.1003852042285,"brown",0.0419678800135967,"other"
"CobT2",-3.43716393585087,5.29445932778445,"turquoise",0.239939441892012,"other"
"COG4564",-6.76182256812931,8.32986400994388,"turquoise",0.397363667233196,"other"
"COG4584",-3.03663574333073,5.51940916451541,"turquoise",0.0254644843221905,"other"
"ComP",-3.24686657066227,6.03538273247806,"turquoise",0.198890319321237,"other"
"LolE",-3.32156668777348,4.65059994134036,"turquoise",0.12779371939127,"other"
"YmfN",-2.86182104225041,6.13257597359744,"turquoise",0.111020704296558,"other"
"NAGPA",-2.165958749007,5.21911524209109,"turquoise",0.22246579714962,"other"
"COG4646",1.00185800914882,4.77097319039432,"turquoise",0.081413044473017,"other"
"RnfC",3.97807897453426,1.46810816201297,"yellow",0.620534930144328,"other"
"RnfA",4.5842796695721,-6.01997901526364,"blue",0.369111837591972,"other"
"RnfD",4.58253778343319,-5.89227010336789,"blue",0.404300321400756,"other"
"RnfE",4.5088631046307,-5.7796082648364,"blue",0.372983727215916,"other"
"MdpB",-3.27443896407963,6.40064094933597,"turquoise",0.138144115118178,"other"
"PemB",-3.83077512855412,4.07010887536136,"turquoise",0.00653528898606205,"other"
"YhaN",1.05867017631649,4.52116535576907,"turquoise",0.0666713554278394,"other"
"COG4733",0.514341985930193,5.97943256768313,"turquoise",0.278234335638409,"other"
"COG4744",3.77850688820003,1.07452134760943,"yellow",0.0442320883405964,"other"
"YesN",-3.32994948501469,7.43818519982425,"turquoise",0.305148703815673,"other"
"FecA",7.06468690757869,-3.6492576750842,"blue",0.234791447900487,"other"
"FhuE",-4.85460649604679,4.82776163491336,"turquoise",0.135703466662095,"other"
"FlgG",-3.64672504539372,6.65220783623782,"turquoise",0.214089369468374,"other"
"CbiK",5.01284517173885,-3.66760350790891,"blue",0.238928577404066,"other"
"COG4870",1.40440405731319,5.63386629494754,"blue",0.129737548185849,"other"
"COG4908",-3.40553747291447,6.11537454995242,"turquoise",0.327407719092932,"other"
"ClfA",3.36745299224972,-2.95559097853574,"blue",0.393044147905263,"other"
"COG4934",-4.48334108466984,5.50686071786014,"turquoise",0.108636070558159,"other"
"EnvC",4.0477281940472,-2.62674213972959,"blue",0.182251652509375,"other"
"RspA",-4.84387050742985,6.00142000588504,"turquoise",0.0516320781356287,"other"
"TraF",-3.90518795127751,7.25735662850467,"turquoise",0.0927620943482198,"other"
"XerC",-4.30242525215031,7.39247511300174,"turquoise",0.12893378816097,"other"
"XerD",-10.4956496822345,-15.4391608389941,"brown",0.0469604992826652,"other"
"COG4976",-2.43520437354923,5.1590657082471,"turquoise",0.106654775159709,"other"
"GlxA",-3.17714034194828,6.26261566552249,"turquoise",0.0716097341233613,"other"
"COG4983",-2.28065453643681,5.3395905342969,"turquoise",0.105882181031556,"other"
"CydC",3.2249320877087,1.76814208897677,"yellow",0.0430097988884245,"other"
"CydD",-4.37037693138005,5.00268028649417,"turquoise",0.0908912872676068,"other"
"YraI",-0.950733529280436,5.48827742013064,"turquoise",0.0763966914006717,"other"
"NtrY",-6.84298168296696,8.40791414651004,"turquoise",0.574429009399576,"other"
"WalK",0.0331003201496485,6.3141417351636,"turquoise",0.480041740758029,"other"
"MrcA",3.23162902717708,-5.64429523077878,"blue",0.428876573617563,"other"
"MtbC1",-8.95628582115055,-14.3813882025805,"brown",0.00813034602821739,"other"
"ATS1",-2.82792030448796,5.72900484475223,"turquoise",0.321201505059489,"other"
"COG5266",-4.08127246971012,6.6194305268201,"turquoise",0.14514978141353,"other"
"MDN1",-1.33597015018345,5.70712994011966,"turquoise",0.254029839048987,"other"
"CHASE3",-5.75380836601139,7.99709747704593,"turquoise",0.341206423556873,"other"
"CYK3",-2.89781485671879,7.31037233742801,"turquoise",0.223328229657451,"other"
"COG5281",0.166759802151907,5.72220419320193,"turquoise",0.128429377278258,"other"
"COG5283",-2.20256529922367,4.88583849343387,"turquoise",0.125146214717237,"other"
"Hia",-1.45107196445347,5.82818745049563,"turquoise",0.188111476606607,"other"
"COG5301",-5.59570966834904,7.90612982186404,"turquoise",0.156058351252052,"other"
"MJ1470",3.51259507064937,-7.9088053855029,"blue",0.260276408251159,"other"
"COG5316",3.51420725708126,-7.86826850500974,"blue",0.259259319024734,"other"
"RpnC",-4.0232061016071,7.20687340172854,"turquoise",0.152833495399178,"other"
"Psp3",-3.01355253333927,5.50873850258914,"turquoise",0.127198740780593,"other"
"YjdB",3.46728910331844,-5.69613076773557,"blue",0.843839444524318,"other"
"COG5495",3.43071664695858,-6.41136504736814,"blue",0.0662004153385867,"other"
"Acf2",-8.27858387107731,-13.9878087195483,"brown",0.0225054446228016,"other"
"ICP",3.51398671989559,-7.88522388068112,"blue",0.253931541111647,"other"
"CHAD",3.6411599052441,1.26780532273379,"yellow",0.0207199891411926,"other"
"CwlA",3.24544061546444,-5.62025024023923,"blue",0.15079387921368,"other"
"mfa2",3.7048007381451,-7.6584391745654,"blue",0.462041148040837,"other"
"fimC",3.88953794365047,-7.50429345694455,"blue",0.570598660450102,"other"
"fimD",3.86307252769588,-7.56040813055905,"blue",0.568885523725754,"other"
"fimE",-10.3480027782428,-15.3152299079028,"brown",0.11271743929029,"other"
"fimC.1",-9.59750209922673,-14.7763848456469,"brown",0.0372102239586369,"other"
"mfa3",-9.75892006034733,-14.901945606145,"brown",0.0957842781488562,"other"
"fimC.2",-4.38412510032536,1.82789991768924,"green",0.0649237233624317,"other"
"mfa2.1",-9.79146991844059,-14.9220681342212,"brown",0.110475906383141,"other"
"fimE.1",3.75838483696102,-7.73601104346189,"blue",0.571325541225709,"other"
"PolC.1",-1.67045794601322,6.01577423485843,"turquoise",0.0696243837940368,"other"
"mfA4",-9.5018323528278,-14.7239394339648,"brown",0.0774437362066362,"other"
"fimC-1",-8.22086464042546,-13.9315571936694,"brown",0.0789822535286253,"other"
"fimD.2",-10.4918941127765,-15.4290070685473,"brown",0.0969240555876877,"other"
"PorB",3.97456420784115,1.46599315079776,"yellow",0.717861141328116,"hub"
"NuoI",3.90144957428097,1.56980167302218,"yellow",1,"hub"
"PorD",3.9602791202557,1.50406394871798,"yellow",0.880507908301952,"hub"
"NapF",3.93357623939632,1.52012489708987,"yellow",0.990865419967756,"hub"
"COG1149",4.01954211120723,1.41471730145541,"yellow",0.727826051711257,"hub"
"MJ0795",-10.5957015621174,-15.5311341437426,"brown",0.998544935889293,"hub"
"PQQ",-4.30687175865055,1.78205583962527,"green",0.951674995466174,"hub"
"COG1572",-4.39414678687931,1.86923252019015,"green",0.943802507444615,"hub"
"FlgD",-10.4687636959064,-15.4105029257861,"brown",0.874697058482019,"hub"
"RPS24A",-10.5717671977985,-15.5075793418017,"brown",1,"hub"
"EAL",-6.60101352805973,8.20694874199954,"turquoise",0.713648678592033,"hub"
"PAS",-6.86933170432926,8.43063543709842,"turquoise",1,"hub"
"GAF",-6.90758024330021,8.46778582009402,"turquoise",0.925556433996582,"hub"
"MpaA",-4.34029089088322,1.82712124260989,"green",0.948473877777543,"hub"
"AguA",-10.5808518993366,-15.5136799964038,"brown",0.944736865783449,"hub"
"CnoX",4.01373208885311,-6.93039561835202,"blue",0.948527498321859,"hub"
"NosD",-4.32003723258854,1.80491827401248,"green",0.966860765994232,"hub"
"eMpr",3.37215770607113,-7.31861497488889,"blue",0.971495082088393,"hub"
"COG3608",-4.4150084125507,1.82705627354709,"green",1,"hub"
"PleD",-6.84527288551213,8.40799091729251,"turquoise",0.756597804661695,"hub"
"LRR",-10.4315303432453,-15.370861545476,"brown",0.842298533697133,"hub"
"COG4935",3.61536277656673,-6.88791705695066,"blue",1,"hub"
"COG5001",-6.11194454307438,7.92196844491092,"turquoise",0.797380670306658,"hub"
"COG5263",4.82934488182186,-6.27412463751706,"blue",0.905634187778014,"hub"
"fimA",6.82762683754085,-3.8795519026843,"blue",0.845141625953595,"hub"
